NAME,TYPE,COST,WEIGHT,SOURCE,LINK
Abacus,Adventuring Gear,2 gp,2 lb.,PHB,https://5e.tools/items.html#abacus_phb
Acid (vial),Adventuring Gear,25 gp,1 lb.,PHB,https://5e.tools/items.html#acid%20(vial)_phb
Adamantine Ammunition,"Ammunition, Generic Variant",—,—,XGE,https://5e.tools/items.html#adamantine%20ammunition_xge
Adamantine Antimatter Rifle,"Firearm, Futuristic, Martial Weapon, Ranged Weapon",—,10 lb.,XGE,https://5e.tools/items.html#adamantine%20antimatter%20rifle_xge
Adamantine Arrow,Ammunition,—,0.8 oz.,XGE,https://5e.tools/items.html#adamantine%20arrow_xge
Adamantine Automatic Pistol,"Firearm, Modern, Martial Weapon, Ranged Weapon",—,3 lb.,XGE,https://5e.tools/items.html#adamantine%20automatic%20pistol_xge
Adamantine Automatic Rifle,"Firearm, Modern, Martial Weapon, Ranged Weapon",—,8 lb.,XGE,https://5e.tools/items.html#adamantine%20automatic%20rifle_xge
Adamantine Bar,Trade Good,"1,000 gp",10 lb.,WDH,https://5e.tools/items.html#adamantine%20bar_wdh
Adamantine Battleaxe,"Martial Weapon, Melee Weapon",510 gp,4 lb.,XGE,https://5e.tools/items.html#adamantine%20battleaxe_xge
Adamantine Blowgun,"Martial Weapon, Ranged Weapon",510 gp,1 lb.,XGE,https://5e.tools/items.html#adamantine%20blowgun_xge
Adamantine Blowgun Needle,Ammunition,—,0.32 oz.,XGE,https://5e.tools/items.html#adamantine%20blowgun%20needle_xge
Adamantine Club,"Simple Weapon, Melee Weapon","500 gp, 1 sp",2 lb.,XGE,https://5e.tools/items.html#adamantine%20club_xge
Adamantine Crossbow Bolt,Ammunition,—,1.2 oz.,XGE,https://5e.tools/items.html#adamantine%20crossbow%20bolt_xge
Adamantine Dagger,"Simple Weapon, Melee Weapon",502 gp,1 lb.,XGE,https://5e.tools/items.html#adamantine%20dagger_xge
Adamantine Dart,"Simple Weapon, Ranged Weapon","500 gp, 5 cp",¼ lb.,XGE,https://5e.tools/items.html#adamantine%20dart_xge
Adamantine Double-Bladed Scimitar,"Martial Weapon, Melee Weapon",600 gp,6 lb.,XGE,https://5e.tools/items.html#adamantine%20double-bladed%20scimitar_xge
Adamantine Flail,"Martial Weapon, Melee Weapon",510 gp,2 lb.,XGE,https://5e.tools/items.html#adamantine%20flail_xge
Adamantine Glaive,"Martial Weapon, Melee Weapon",520 gp,6 lb.,XGE,https://5e.tools/items.html#adamantine%20glaive_xge
Adamantine Greataxe,"Martial Weapon, Melee Weapon",530 gp,7 lb.,XGE,https://5e.tools/items.html#adamantine%20greataxe_xge
Adamantine Greatclub,"Simple Weapon, Melee Weapon","500 gp, 2 sp",10 lb.,XGE,https://5e.tools/items.html#adamantine%20greatclub_xge
Adamantine Greatsword,"Martial Weapon, Melee Weapon",550 gp,6 lb.,XGE,https://5e.tools/items.html#adamantine%20greatsword_xge
Adamantine Halberd,"Martial Weapon, Melee Weapon",520 gp,6 lb.,XGE,https://5e.tools/items.html#adamantine%20halberd_xge
Adamantine Hand Crossbow,"Martial Weapon, Ranged Weapon",575 gp,3 lb.,XGE,https://5e.tools/items.html#adamantine%20hand%20crossbow_xge
Adamantine Handaxe,"Simple Weapon, Melee Weapon",505 gp,2 lb.,XGE,https://5e.tools/items.html#adamantine%20handaxe_xge
Adamantine Heavy Crossbow,"Martial Weapon, Ranged Weapon",550 gp,18 lb.,XGE,https://5e.tools/items.html#adamantine%20heavy%20crossbow_xge
Adamantine Hooked Shortspear,"Martial Weapon, Melee Weapon",—,2 lb.,XGE,https://5e.tools/items.html#adamantine%20hooked%20shortspear_xge
Adamantine Hunting Rifle,"Firearm, Modern, Martial Weapon, Ranged Weapon",—,8 lb.,XGE,https://5e.tools/items.html#adamantine%20hunting%20rifle_xge
Adamantine Javelin,"Simple Weapon, Melee Weapon","500 gp, 5 sp",2 lb.,XGE,https://5e.tools/items.html#adamantine%20javelin_xge
Adamantine Lance,"Martial Weapon, Melee Weapon",510 gp,6 lb.,XGE,https://5e.tools/items.html#adamantine%20lance_xge
Adamantine Laser Pistol,"Firearm, Futuristic, Martial Weapon, Ranged Weapon",—,2 lb.,XGE,https://5e.tools/items.html#adamantine%20laser%20pistol_xge
Adamantine Laser Rifle,"Firearm, Futuristic, Martial Weapon, Ranged Weapon",—,7 lb.,XGE,https://5e.tools/items.html#adamantine%20laser%20rifle_xge
Adamantine Light Crossbow,"Simple Weapon, Ranged Weapon",525 gp,5 lb.,XGE,https://5e.tools/items.html#adamantine%20light%20crossbow_xge
Adamantine Light Hammer,"Simple Weapon, Melee Weapon",502 gp,2 lb.,XGE,https://5e.tools/items.html#adamantine%20light%20hammer_xge
Adamantine Light Repeating Crossbow,"Simple Weapon, Ranged Weapon",—,5 lb.,XGE,https://5e.tools/items.html#adamantine%20light%20repeating%20crossbow_xge
Adamantine Longbow,"Martial Weapon, Ranged Weapon",550 gp,2 lb.,XGE,https://5e.tools/items.html#adamantine%20longbow_xge
Adamantine Longsword,"Martial Weapon, Melee Weapon",515 gp,3 lb.,XGE,https://5e.tools/items.html#adamantine%20longsword_xge
Adamantine Mace,"Simple Weapon, Melee Weapon",505 gp,4 lb.,XGE,https://5e.tools/items.html#adamantine%20mace_xge
Adamantine Maul,"Martial Weapon, Melee Weapon",510 gp,10 lb.,XGE,https://5e.tools/items.html#adamantine%20maul_xge
Adamantine Modern Bullet,"Modern, Ammunition",—,1.6 oz.,XGE,https://5e.tools/items.html#adamantine%20modern%20bullet_xge
Adamantine Morningstar,"Martial Weapon, Melee Weapon",515 gp,4 lb.,XGE,https://5e.tools/items.html#adamantine%20morningstar_xge
Adamantine Musket,"Firearm, Renaissance, Martial Weapon, Ranged Weapon","1,000 gp",10 lb.,XGE,https://5e.tools/items.html#adamantine%20musket_xge
Adamantine Pike,"Martial Weapon, Melee Weapon",505 gp,18 lb.,XGE,https://5e.tools/items.html#adamantine%20pike_xge
Adamantine Pistol,"Firearm, Renaissance, Martial Weapon, Ranged Weapon",750 gp,3 lb.,XGE,https://5e.tools/items.html#adamantine%20pistol_xge
Adamantine Quarterstaff,"Simple Weapon, Melee Weapon","500 gp, 2 sp",4 lb.,XGE,https://5e.tools/items.html#adamantine%20quarterstaff_xge
Adamantine Rapier,"Martial Weapon, Melee Weapon",525 gp,2 lb.,XGE,https://5e.tools/items.html#adamantine%20rapier_xge
Adamantine Renaissance Bullet,"Renaissance, Ammunition",—,3.2 oz.,XGE,https://5e.tools/items.html#adamantine%20renaissance%20bullet_xge
Adamantine Revolver,"Firearm, Modern, Martial Weapon, Ranged Weapon",—,3 lb.,XGE,https://5e.tools/items.html#adamantine%20revolver_xge
Adamantine Scimitar,"Martial Weapon, Melee Weapon",525 gp,3 lb.,XGE,https://5e.tools/items.html#adamantine%20scimitar_xge
Adamantine Shortbow,"Simple Weapon, Ranged Weapon",525 gp,2 lb.,XGE,https://5e.tools/items.html#adamantine%20shortbow_xge
Adamantine Shortsword,"Martial Weapon, Melee Weapon",510 gp,2 lb.,XGE,https://5e.tools/items.html#adamantine%20shortsword_xge
Adamantine Shotgun,"Firearm, Modern, Martial Weapon, Ranged Weapon",—,7 lb.,XGE,https://5e.tools/items.html#adamantine%20shotgun_xge
Adamantine Sickle,"Simple Weapon, Melee Weapon",501 gp,2 lb.,XGE,https://5e.tools/items.html#adamantine%20sickle_xge
Adamantine Sling,"Simple Weapon, Ranged Weapon","500 gp, 1 sp",—,XGE,https://5e.tools/items.html#adamantine%20sling_xge
Adamantine Sling Bullet,Ammunition,—,1.2 oz.,XGE,https://5e.tools/items.html#adamantine%20sling%20bullet_xge
Adamantine Spear,"Simple Weapon, Melee Weapon",501 gp,3 lb.,XGE,https://5e.tools/items.html#adamantine%20spear_xge
Adamantine Trident,"Martial Weapon, Melee Weapon",505 gp,4 lb.,XGE,https://5e.tools/items.html#adamantine%20trident_xge
Adamantine War Pick,"Martial Weapon, Melee Weapon",505 gp,2 lb.,XGE,https://5e.tools/items.html#adamantine%20war%20pick_xge
Adamantine Warhammer,"Martial Weapon, Melee Weapon",515 gp,2 lb.,XGE,https://5e.tools/items.html#adamantine%20warhammer_xge
Adamantine Weapon,Generic Variant,—,—,XGE,https://5e.tools/items.html#adamantine%20weapon_xge
Adamantine Whip,"Martial Weapon, Melee Weapon",502 gp,3 lb.,XGE,https://5e.tools/items.html#adamantine%20whip_xge
Adamantine Yklwa,"Simple Weapon, Melee Weapon",501 gp,3 lb.,XGE,https://5e.tools/items.html#adamantine%20yklwa_xge
Adjustable Stilts,Other,—,—,WDH,https://5e.tools/items.html#adjustable%20stilts_wdh
Airship,Vehicle (Air),"20,000 gp",—,DMG,https://5e.tools/items.html#airship_dmg
Alchemist's Fire (flask),Adventuring Gear,50 gp,1 lb.,PHB,https://5e.tools/items.html#alchemist's%20fire%20(flask)_phb
Alchemist's Supplies,Artisan's Tools,50 gp,8 lb.,PHB,https://5e.tools/items.html#alchemist's%20supplies_phb
Ale (Gallon),Food and Drink,2 sp,—,PHB,https://5e.tools/items.html#ale%20(gallon)_phb
Ale (Mug),Food and Drink,4 cp,—,PHB,https://5e.tools/items.html#ale%20(mug)_phb
Alexandrite,Treasure,500 gp,—,DMG,https://5e.tools/items.html#alexandrite_dmg
Amber,Treasure,100 gp,—,DMG,https://5e.tools/items.html#amber_dmg
Amethyst,Treasure,100 gp,—,DMG,https://5e.tools/items.html#amethyst_dmg
Amulet,Spellcasting Focus,5 gp,1 lb.,PHB,https://5e.tools/items.html#amulet_phb
Amulet of dinosaur feathers (Sun Empire),Treasure,25 gp,—,PSX,https://5e.tools/items.html#amulet%20of%20dinosaur%20feathers%20(sun%20empire)_psx
Antimatter Rifle,"Firearm, Futuristic, Martial Weapon, Ranged Weapon",—,10 lb.,DMG,https://5e.tools/items.html#antimatter%20rifle_dmg
Antitoxin (vial),Adventuring Gear,50 gp,—,PHB,https://5e.tools/items.html#antitoxin%20(vial)_phb
Aquamarine,Treasure,500 gp,—,DMG,https://5e.tools/items.html#aquamarine_dmg
Arcane Focus,Spellcasting Focus,—,—,PHB,https://5e.tools/items.html#arcane%20focus_phb
Arrow,Ammunition,5 cp,0.8 oz.,PHB,https://5e.tools/items.html#arrow_phb
Arrows (20),Ammunition,1 gp,1 lb.,PHB,https://5e.tools/items.html#arrows%20(20)_phb
Artisan's Tools,Artisan's Tools,—,—,PHB,https://5e.tools/items.html#artisan's%20tools_phb
Assassin's Blood,"Adventuring Gear, Poison",150 gp,—,DMG,https://5e.tools/items.html#assassin's%20blood_dmg
Automatic Pistol,"Firearm, Modern, Martial Weapon, Ranged Weapon",—,3 lb.,DMG,https://5e.tools/items.html#automatic%20pistol_dmg
Automatic Rifle,"Firearm, Modern, Martial Weapon, Ranged Weapon",—,8 lb.,DMG,https://5e.tools/items.html#automatic%20rifle_dmg
Axe Beak,Mount,50 gp,—,IDRotF,https://5e.tools/items.html#axe%20beak_idrotf
Azurite,Treasure,10 gp,—,DMG,https://5e.tools/items.html#azurite_dmg
Backpack,Adventuring Gear,2 gp,5 lb.,PHB,https://5e.tools/items.html#backpack_phb
Backpack Parachute,Other,—,—,WDH,https://5e.tools/items.html#backpack%20parachute_wdh
Bagpipes,Instrument,30 gp,6 lb.,PHB,https://5e.tools/items.html#bagpipes_phb
Ball Bearing,Adventuring Gear,0.1 cp,0.032 oz.,PHB,https://5e.tools/items.html#ball%20bearing_phb
"Ball Bearings (bag of 1,000)",Adventuring Gear,1 gp,2 lb.,PHB,https://5e.tools/items.html#ball%20bearings%20(bag%20of%201%2c000)_phb
Banded Agate,Treasure,10 gp,—,DMG,https://5e.tools/items.html#banded%20agate_dmg
Barding,Tack and Harness,×4,×2,PHB,https://5e.tools/items.html#barding_phb
Barking Box,Other,—,—,WDH,https://5e.tools/items.html#barking%20box_wdh
Barrel,Adventuring Gear,2 gp,70 lb.,PHB,https://5e.tools/items.html#barrel_phb
Barrier Peaks Trinket,Adventuring Gear,—,—,LLK,https://5e.tools/items.html#barrier%20peaks%20trinket_llk
Basic Poison (vial),"Adventuring Gear, Poison",100 gp,—,PHB,https://5e.tools/items.html#basic%20poison%20(vial)_phb
Basket,Adventuring Gear,4 sp,2 lb.,PHB,https://5e.tools/items.html#basket_phb
Battleaxe,"Martial Weapon, Melee Weapon",10 gp,4 lb.,PHB,https://5e.tools/items.html#battleaxe_phb
Bedroll,Adventuring Gear,1 gp,7 lb.,PHB,https://5e.tools/items.html#bedroll_phb
Bejeweled ivory drinking horn with gold filigree,Treasure,"7,500 gp",—,DMG,https://5e.tools/items.html#bejeweled%20ivory%20drinking%20horn%20with%20gold%20filigree_dmg
Bejeweled ivory drinking horn with gold inlay (Brazen Coalition),Treasure,"7,500 gp",—,PSX,https://5e.tools/items.html#bejeweled%20ivory%20drinking%20horn%20with%20gold%20inlay%20(brazen%20coalition)_psx
Bell,Adventuring Gear,1 gp,—,PHB,https://5e.tools/items.html#bell_phb
Birdpipes,Instrument,—,—,SCAG,https://5e.tools/items.html#birdpipes_scag
Bit and bridle,Tack and Harness,2 gp,1 lb.,PHB,https://5e.tools/items.html#bit%20and%20bridle_phb
Black Opal,Treasure,"1,000 gp",—,DMG,https://5e.tools/items.html#black%20opal_dmg
Black Pearl,Treasure,500 gp,—,DMG,https://5e.tools/items.html#black%20pearl_dmg
Black Sap,Potion,300 gp,—,EGW,https://5e.tools/items.html#black%20sap_egw
Black Sapphire,Treasure,"5,000 gp",—,DMG,https://5e.tools/items.html#black%20sapphire_dmg
Black velvet mask stitched with silver thread,Treasure,25 gp,—,DMG,https://5e.tools/items.html#black%20velvet%20mask%20stitched%20with%20silver%20thread_dmg
Blanket,Adventuring Gear,5 sp,3 lb.,PHB,https://5e.tools/items.html#blanket_phb
Blasting Powder,Adventuring Gear,—,—,EGW,https://5e.tools/items.html#blasting%20powder_egw
Blight Ichor,Potion,200 gp,—,EGW,https://5e.tools/items.html#blight%20ichor_egw
Block and Tackle,Adventuring Gear,1 gp,5 lb.,PHB,https://5e.tools/items.html#block%20and%20tackle_phb
Blood of the Lycanthrope,Poison,—,—,IMR,https://5e.tools/items.html#blood%20of%20the%20lycanthrope_imr
Bloodstone,Treasure,50 gp,—,DMG,https://5e.tools/items.html#bloodstone_dmg
Blowgun,"Martial Weapon, Ranged Weapon",10 gp,1 lb.,PHB,https://5e.tools/items.html#blowgun_phb
Blowgun Needle,Ammunition,2 cp,0.32 oz.,PHB,https://5e.tools/items.html#blowgun%20needle_phb
Blowgun Needles (50),Ammunition,1 gp,1 lb.,PHB,https://5e.tools/items.html#blowgun%20needles%20(50)_phb
Blue Quartz,Treasure,10 gp,—,DMG,https://5e.tools/items.html#blue%20quartz_dmg
Blue Sapphire,Treasure,"1,000 gp",—,DMG,https://5e.tools/items.html#blue%20sapphire_dmg
Blue Spinel,Treasure,500 gp,—,DMG,https://5e.tools/items.html#blue%20spinel_dmg
Bomb,"Renaissance, Explosive",150 gp,1 lb.,DMG,https://5e.tools/items.html#bomb_dmg
Book,Adventuring Gear,25 gp,5 lb.,PHB,https://5e.tools/items.html#book_phb
Bottle stopper cork embossed with gold leaf and set with amethysts,Treasure,750 gp,—,DMG,https://5e.tools/items.html#bottle%20stopper%20cork%20embossed%20with%20gold%20leaf%20and%20set%20with%20amethysts_dmg
Box of turquoise animal figurines,Treasure,250 gp,—,DMG,https://5e.tools/items.html#box%20of%20turquoise%20animal%20figurines_dmg
Brass mug with jade inlay,Treasure,250 gp,—,DMG,https://5e.tools/items.html#brass%20mug%20with%20jade%20inlay_dmg
Breastplate,Medium Armor,400 gp,20 lb.,PHB,https://5e.tools/items.html#breastplate_phb
Breastplate Barding,Tack and Harness,"1,600 gp",40 lb.,PHB,https://5e.tools/items.html#breastplate%20barding_phb
Brewer's Supplies,Artisan's Tools,20 gp,9 lb.,PHB,https://5e.tools/items.html#brewer's%20supplies_phb
Bronze crown,Treasure,250 gp,—,DMG,https://5e.tools/items.html#bronze%20crown_dmg
Bronze spyglass (Brazen Coalition),Treasure,250 gp,—,PSX,https://5e.tools/items.html#bronze%20spyglass%20(brazen%20coalition)_psx
Bucket,Adventuring Gear,5 cp,2 lb.,PHB,https://5e.tools/items.html#bucket_phb
Bullseye Lantern,Adventuring Gear,10 gp,2 lb.,PHB,https://5e.tools/items.html#bullseye%20lantern_phb
Burglar's Pack,Adventuring Gear,16 gp,44½ lb.,PHB,https://5e.tools/items.html#burglar's%20pack_phb
Burnt Othur Fumes,"Adventuring Gear, Poison",500 gp,—,DMG,https://5e.tools/items.html#burnt%20othur%20fumes_dmg
Calligrapher's Supplies,Artisan's Tools,10 gp,5 lb.,PHB,https://5e.tools/items.html#calligrapher's%20supplies_phb
Caltrop,Adventuring Gear,5 cp,1.6 oz.,PHB,https://5e.tools/items.html#caltrop_phb
Caltrops (bag of 20),Adventuring Gear,1 gp,2 lb.,PHB,https://5e.tools/items.html#caltrops%20(bag%20of%2020)_phb
Camel,Mount,50 gp,—,PHB,https://5e.tools/items.html#camel_phb
Candle,Adventuring Gear,1 cp,—,PHB,https://5e.tools/items.html#candle_phb
Canoe,Vehicle (Water),50 gp,100 lb.,ToA,https://5e.tools/items.html#canoe_toa
Canvas (1 sq. yd.),Trade Good,1 sp,—,PHB,https://5e.tools/items.html#canvas%20(1%20sq.%20yd.)_phb
Carnelian,Treasure,50 gp,—,DMG,https://5e.tools/items.html#carnelian_dmg
Carpenter's Tools,Artisan's Tools,8 gp,6 lb.,PHB,https://5e.tools/items.html#carpenter's%20tools_phb
Carriage,Vehicle (Land),100 gp,600 lb.,PHB,https://5e.tools/items.html#carriage_phb
Carrion Crawler Mucus,"Adventuring Gear, Poison",200 gp,—,DMG,https://5e.tools/items.html#carrion%20crawler%20mucus_dmg
Cart,Vehicle (Land),15 gp,200 lb.,PHB,https://5e.tools/items.html#cart_phb
Cartographer's Tools,Artisan's Tools,15 gp,6 lb.,PHB,https://5e.tools/items.html#cartographer's%20tools_phb
Carved bone statuette,Treasure,25 gp,—,DMG,https://5e.tools/items.html#carved%20bone%20statuette_dmg
Carved harp of exotic wood with ivory inlay and zircon gems,Treasure,750 gp,—,DMG,https://5e.tools/items.html#carved%20harp%20of%20exotic%20wood%20with%20ivory%20inlay%20and%20zircon%20gems_dmg
Carved ivory statuette,Treasure,250 gp,—,DMG,https://5e.tools/items.html#carved%20ivory%20statuette_dmg
Carved jade statuette (River Heralds),Treasure,250 gp,—,PSX,https://5e.tools/items.html#carved%20jade%20statuette%20(river%20heralds)_psx
Ceremonial electrum dagger with a black pearl in the pommel,Treasure,750 gp,—,DMG,https://5e.tools/items.html#ceremonial%20electrum%20dagger%20with%20a%20black%20pearl%20in%20the%20pommel_dmg
Ceremonial silver dagger with gold pommel and black pearl (Legion of Dusk),Treasure,750 gp,—,PSX,https://5e.tools/items.html#ceremonial%20silver%20dagger%20with%20gold%20pommel%20and%20black%20pearl%20(legion%20of%20dusk)_psx
Chain (10 feet),Adventuring Gear,5 gp,10 lb.,PHB,https://5e.tools/items.html#chain%20(10%20feet)_phb
Chain Mail,Heavy Armor,75 gp,55 lb.,PHB,https://5e.tools/items.html#chain%20mail_phb
Chain Mail Barding,Tack and Harness,300 gp,110 lb.,PHB,https://5e.tools/items.html#chain%20mail%20barding_phb
Chain Shirt,Medium Armor,50 gp,20 lb.,PHB,https://5e.tools/items.html#chain%20shirt_phb
Chain Shirt Barding,Tack and Harness,200 gp,40 lb.,PHB,https://5e.tools/items.html#chain%20shirt%20barding_phb
Chalcedony,Treasure,50 gp,—,DMG,https://5e.tools/items.html#chalcedony_dmg
Chalk (1 piece),Adventuring Gear,1 cp,—,PHB,https://5e.tools/items.html#chalk%20(1%20piece)_phb
Chariot,Vehicle (Land),250 gp,100 lb.,PHB,https://5e.tools/items.html#chariot_phb
Chest,Adventuring Gear,5 gp,25 lb.,PHB,https://5e.tools/items.html#chest_phb
Chicken,Trade Good,2 cp,—,PHB,https://5e.tools/items.html#chicken_phb
Chrysoberyl,Treasure,100 gp,—,DMG,https://5e.tools/items.html#chrysoberyl_dmg
Chrysoprase,Treasure,50 gp,—,DMG,https://5e.tools/items.html#chrysoprase_dmg
Chunk of Meat,Food and Drink,3 sp,—,PHB,https://5e.tools/items.html#chunk%20of%20meat_phb
Cinnamon,Trade Good,2 gp,1 lb.,PHB,https://5e.tools/items.html#cinnamon_phb
Citrine,Treasure,50 gp,—,DMG,https://5e.tools/items.html#citrine_dmg
Climber's Kit,Adventuring Gear,25 gp,12 lb.,PHB,https://5e.tools/items.html#climber's%20kit_phb
Cloth-of-gold vestments,Treasure,25 gp,—,DMG,https://5e.tools/items.html#cloth-of-gold%20vestments_dmg
Cloth-of-gold vestments (Legion of Dusk),Treasure,25 gp,—,PSX,https://5e.tools/items.html#cloth-of-gold%20vestments%20(legion%20of%20dusk)_psx
"Clothing, cold weather",Adventuring Gear,10 gp,5 lb.,IDRotF,https://5e.tools/items.html#clothing%2c%20cold%20weather_idrotf
Cloves,Trade Good,3 gp,1 lb.,PHB,https://5e.tools/items.html#cloves_phb
Club,"Simple Weapon, Melee Weapon",1 sp,2 lb.,PHB,https://5e.tools/items.html#club_phb
Cobbler's Tools,Artisan's Tools,5 gp,5 lb.,PHB,https://5e.tools/items.html#cobbler's%20tools_phb
Common Clothes,Adventuring Gear,5 sp,3 lb.,PHB,https://5e.tools/items.html#common%20clothes_phb
Common Wine (Pitcher),Food and Drink,2 sp,—,PHB,https://5e.tools/items.html#common%20wine%20(pitcher)_phb
Component Pouch,Adventuring Gear,25 gp,2 lb.,PHB,https://5e.tools/items.html#component%20pouch_phb
Cook's Utensils,Artisan's Tools,1 gp,8 lb.,PHB,https://5e.tools/items.html#cook's%20utensils_phb
Copper,Trade Good,5 sp,1 lb.,PHB,https://5e.tools/items.html#copper_phb
Copper (cp),Treasure,1 cp,0.32 oz.,PHB,https://5e.tools/items.html#copper%20(cp)_phb
Copper Alms-Coin,Treasure,1 cp,—,GGR,https://5e.tools/items.html#copper%20alms-coin_ggr
Copper chalice with silver filigree,Treasure,25 gp,—,DMG,https://5e.tools/items.html#copper%20chalice%20with%20silver%20filigree_dmg
Copper stein with silver filigree (Brazen Coalition),Treasure,25 gp,—,PSX,https://5e.tools/items.html#copper%20stein%20with%20silver%20filigree%20(brazen%20coalition)_psx
Copper Zib,Treasure,1 cp,—,GGR,https://5e.tools/items.html#copper%20zib_ggr
Coral,Treasure,100 gp,—,DMG,https://5e.tools/items.html#coral_dmg
Costume Clothes,Adventuring Gear,5 gp,4 lb.,PHB,https://5e.tools/items.html#costume%20clothes_phb
Cotton Cloth (1 sq. yd.),Trade Good,5 sp,—,PHB,https://5e.tools/items.html#cotton%20cloth%20(1%20sq.%20yd.)_phb
Cow,Trade Good,10 gp,—,PHB,https://5e.tools/items.html#cow_phb
Crampons,Adventuring Gear,2 gp,¼ lb.,IDRotF,https://5e.tools/items.html#crampons_idrotf
Crossbow Bolt,Ammunition,5 cp,1.2 oz.,PHB,https://5e.tools/items.html#crossbow%20bolt_phb
Crossbow Bolt Case,Adventuring Gear,1 gp,1 lb.,PHB,https://5e.tools/items.html#crossbow%20bolt%20case_phb
Crossbow Bolts (20),Ammunition,1 gp,1½ lb.,PHB,https://5e.tools/items.html#crossbow%20bolts%20(20)_phb
Crowbar,Adventuring Gear,2 gp,5 lb.,PHB,https://5e.tools/items.html#crowbar_phb
Crystal,Spellcasting Focus,10 gp,1 lb.,PHB,https://5e.tools/items.html#crystal_phb
Dagger,"Simple Weapon, Melee Weapon",2 gp,1 lb.,PHB,https://5e.tools/items.html#dagger_phb
Dart,"Simple Weapon, Ranged Weapon",5 cp,¼ lb.,PHB,https://5e.tools/items.html#dart_phb
Diamond,Treasure,"5,000 gp",—,DMG,https://5e.tools/items.html#diamond_dmg
Dice Set,Gaming Set,1 sp,—,PHB,https://5e.tools/items.html#dice%20set_phb
Diplomat's Pack,Adventuring Gear,39 gp,36 lb.,PHB,https://5e.tools/items.html#diplomat's%20pack_phb
Disguise Kit,Tools,25 gp,3 lb.,PHB,https://5e.tools/items.html#disguise%20kit_phb
Dogsled,Vehicle (Land),20 gp,300 lb.,IDRotF,https://5e.tools/items.html#dogsled_idrotf
Donkey,Mount,8 gp,—,PHB,https://5e.tools/items.html#donkey_phb
Double-Bladed Scimitar,"Martial Weapon, Melee Weapon",100 gp,6 lb.,ERLW,https://5e.tools/items.html#double-bladed%20scimitar_erlw
Draft Horse,Mount,50 gp,—,PHB,https://5e.tools/items.html#draft%20horse_phb
Dragon,Treasure,1 gp,—,WDH,https://5e.tools/items.html#dragon_wdh
Dragon's Blood,Other,—,—,ERLW,https://5e.tools/items.html#dragon's%20blood_erlw
Dragonchess Set,Gaming Set,1 gp,½ lb.,PHB,https://5e.tools/items.html#dragonchess%20set_phb
Dreamlily,Other,—,—,ERLW,https://5e.tools/items.html#dreamlily_erlw
Drow Poison,"Adventuring Gear, Poison",200 gp,—,DMG,https://5e.tools/items.html#drow%20poison_dmg
Druidic Focus,Spellcasting Focus,—,—,PHB,https://5e.tools/items.html#druidic%20focus_phb
Drum,Instrument,6 gp,3 lb.,PHB,https://5e.tools/items.html#drum_phb
Dulcimer,Instrument,25 gp,10 lb.,PHB,https://5e.tools/items.html#dulcimer_phb
Dungeoneer's Pack,Adventuring Gear,12 gp,61½ lb.,PHB,https://5e.tools/items.html#dungeoneer's%20pack_phb
Dust of the Mummy,Poison,—,—,IMR,https://5e.tools/items.html#dust%20of%20the%20mummy_imr
Dynamite (stick),"Modern, Explosive",—,1 lb.,DMG,https://5e.tools/items.html#dynamite%20(stick)_dmg
Electrum (ep),Treasure,5 sp,0.32 oz.,PHB,https://5e.tools/items.html#electrum%20(ep)_phb
Electrum 50-Zib Coin,Treasure,5 sp,—,GGR,https://5e.tools/items.html#electrum%2050-zib%20coin_ggr
Elephant,Mount,200 gp,—,PHB,https://5e.tools/items.html#elephant_phb
Elven Trinket,Adventuring Gear,—,—,MTF,https://5e.tools/items.html#elven%20trinket_mtf
Emblem,Spellcasting Focus,5 gp,—,PHB,https://5e.tools/items.html#emblem_phb
Embroidered glove set with jewel chips,Treasure,"2,500 gp",—,DMG,https://5e.tools/items.html#embroidered%20glove%20set%20with%20jewel%20chips_dmg
Embroidered silk and velvet mantle set with numerous moonstones,Treasure,"2,500 gp",—,DMG,https://5e.tools/items.html#embroidered%20silk%20and%20velvet%20mantle%20set%20with%20numerous%20moonstones_dmg
Embroidered silk handkerchief,Treasure,25 gp,—,DMG,https://5e.tools/items.html#embroidered%20silk%20handkerchief_dmg
Emerald,Treasure,"1,000 gp",—,DMG,https://5e.tools/items.html#emerald_dmg
Enchanted Three-Dragon Ante Set,Gaming Set,—,—,LLK,https://5e.tools/items.html#enchanted%20three-dragon%20ante%20set_llk
Energy Cell,"Futuristic, Ammunition",—,5 oz.,DMG,https://5e.tools/items.html#energy%20cell_dmg
Entertainer's Pack,Adventuring Gear,40 gp,38 lb.,PHB,https://5e.tools/items.html#entertainer's%20pack_phb
Essence of Ether,"Adventuring Gear, Poison",300 gp,—,DMG,https://5e.tools/items.html#essence%20of%20ether_dmg
Exotic Saddle,Tack and Harness,60 gp,40 lb.,PHB,https://5e.tools/items.html#exotic%20saddle_phb
Explorer's Pack,Adventuring Gear,10 gp,59 lb.,PHB,https://5e.tools/items.html#explorer's%20pack_phb
Explosive Seed,Adventuring Gear,—,—,EGW,https://5e.tools/items.html#explosive%20seed_egw
Eye Agate,Treasure,10 gp,—,DMG,https://5e.tools/items.html#eye%20agate_dmg
Eye patch with a mock eye set in blue sapphire and moonstone,Treasure,"2,500 gp",—,DMG,https://5e.tools/items.html#eye%20patch%20with%20a%20mock%20eye%20set%20in%20blue%20sapphire%20and%20moonstone_dmg
Eye patch with a mock eye set in blue sapphire and moonstone (Brazen Coalition),Treasure,"2,500 gp",—,PSX,https://5e.tools/items.html#eye%20patch%20with%20a%20mock%20eye%20set%20in%20blue%20sapphire%20and%20moonstone%20(brazen%20coalition)_psx
Feathered mantle with emerald clasp (Sun Empire),Treasure,"2,500 gp",—,PSX,https://5e.tools/items.html#feathered%20mantle%20with%20emerald%20clasp%20(sun%20empire)_psx
Feed (per day),Tack and Harness,5 cp,10 lb.,PHB,https://5e.tools/items.html#feed%20(per%20day)_phb
Fine Clothes,Adventuring Gear,15 gp,6 lb.,PHB,https://5e.tools/items.html#fine%20clothes_phb
Fine gold chain set with a fire opal,Treasure,"2,500 gp",—,DMG,https://5e.tools/items.html#fine%20gold%20chain%20set%20with%20a%20fire%20opal_dmg
Fine gold chain with fire opals (Legion of Dusk),Treasure,"2,500 gp",—,PSX,https://5e.tools/items.html#fine%20gold%20chain%20with%20fire%20opals%20(legion%20of%20dusk)_psx
Fine robe with dinosaur feathers and silver embroidery (Sun Empire),Treasure,250 gp,—,PSX,https://5e.tools/items.html#fine%20robe%20with%20dinosaur%20feathers%20and%20silver%20embroidery%20(sun%20empire)_psx
Fine steel rapier with gold filigree hilt (Legion of Dusk),Treasure,750 gp,—,PSX,https://5e.tools/items.html#fine%20steel%20rapier%20with%20gold%20filigree%20hilt%20(legion%20of%20dusk)_psx
Fine Wine (Bottle),Food and Drink,10 gp,—,PHB,https://5e.tools/items.html#fine%20wine%20(bottle)_phb
Finely articulated jade glove (River Heralds),Treasure,"2,500 gp",—,PSX,https://5e.tools/items.html#finely%20articulated%20jade%20glove%20(river%20heralds)_psx
Fire Opal,Treasure,"1,000 gp",—,DMG,https://5e.tools/items.html#fire%20opal_dmg
Fishing Tackle,Adventuring Gear,1 gp,4 lb.,PHB,https://5e.tools/items.html#fishing%20tackle_phb
Flail,"Martial Weapon, Melee Weapon",10 gp,2 lb.,PHB,https://5e.tools/items.html#flail_phb
Flask,Adventuring Gear,2 cp,1 lb.,PHB,https://5e.tools/items.html#flask_phb
Flensing Claws,Other,—,—,VGM,https://5e.tools/items.html#flensing%20claws_vgm
Flensing Claws (Huge),Other,—,—,VGM,https://5e.tools/items.html#flensing%20claws%20(huge)_vgm
Flensing Claws (Large),Other,—,—,VGM,https://5e.tools/items.html#flensing%20claws%20(large)_vgm
Flensing Claws (Medium),Other,—,—,VGM,https://5e.tools/items.html#flensing%20claws%20(medium)_vgm
Flensing Claws (Small),Other,—,—,VGM,https://5e.tools/items.html#flensing%20claws%20(small)_vgm
Flour,Trade Good,2 cp,1 lb.,PHB,https://5e.tools/items.html#flour_phb
Flute,Instrument,2 gp,1 lb.,PHB,https://5e.tools/items.html#flute_phb
Forgery Kit,Tools,15 gp,5 lb.,PHB,https://5e.tools/items.html#forgery%20kit_phb
Fragmentation Grenade,"Modern, Explosive",—,1 lb.,DMG,https://5e.tools/items.html#fragmentation%20grenade_dmg
Galley,Vehicle (Water),"30,000 gp",—,DMG,https://5e.tools/items.html#galley_dmg
Gaming Set,Gaming Set,—,—,PHB,https://5e.tools/items.html#gaming%20set_phb
Garnet,Treasure,100 gp,—,DMG,https://5e.tools/items.html#garnet_dmg
Ginger,Trade Good,1 gp,1 lb.,PHB,https://5e.tools/items.html#ginger_phb
Glaive,"Martial Weapon, Melee Weapon",20 gp,6 lb.,PHB,https://5e.tools/items.html#glaive_phb
Glass Bottle,Adventuring Gear,2 gp,2 lb.,PHB,https://5e.tools/items.html#glass%20bottle_phb
Glassblower's Tools,Artisan's Tools,30 gp,5 lb.,PHB,https://5e.tools/items.html#glassblower's%20tools_phb
Glaur,Instrument,—,—,SCAG,https://5e.tools/items.html#glaur_scag
Goat,Trade Good,1 gp,—,PHB,https://5e.tools/items.html#goat_phb
Gold,Trade Good,50 gp,1 lb.,PHB,https://5e.tools/items.html#gold_phb
Gold (gp),Treasure,1 gp,0.32 oz.,PHB,https://5e.tools/items.html#gold%20(gp)_phb
Gold 5-Zib Coin,Treasure,5 gp,—,GGR,https://5e.tools/items.html#gold%205-zib%20coin_ggr
Gold basin with rubies (Legion of Dusk),Treasure,"7,500 gp",—,PSX,https://5e.tools/items.html#gold%20basin%20with%20rubies%20(legion%20of%20dusk)_psx
Gold bird cage with electrum filigree,Treasure,250 gp,—,DMG,https://5e.tools/items.html#gold%20bird%20cage%20with%20electrum%20filigree_dmg
Gold chalice (Legion of Dusk),Treasure,750 gp,—,PSX,https://5e.tools/items.html#gold%20chalice%20(legion%20of%20dusk)_psx
Gold chalice set with emeralds (Legion of Dusk),Treasure,"7,500 gp",—,PSX,https://5e.tools/items.html#gold%20chalice%20set%20with%20emeralds%20(legion%20of%20dusk)_psx
Gold circlet set with four aquamarines,Treasure,"2,500 gp",—,DMG,https://5e.tools/items.html#gold%20circlet%20set%20with%20four%20aquamarines_dmg
Gold cup set with emeralds,Treasure,"7,500 gp",—,DMG,https://5e.tools/items.html#gold%20cup%20set%20with%20emeralds_dmg
Gold dragon comb set with red garnets as eyes,Treasure,750 gp,—,DMG,https://5e.tools/items.html#gold%20dragon%20comb%20set%20with%20red%20garnets%20as%20eyes_dmg
Gold jewelry box with platinum filigree,Treasure,"7,500 gp",—,DMG,https://5e.tools/items.html#gold%20jewelry%20box%20with%20platinum%20filigree_dmg
Gold jewelry box with platinum filigree (Brazen Coalition),Treasure,"7,500 gp",—,PSX,https://5e.tools/items.html#gold%20jewelry%20box%20with%20platinum%20filigree%20(brazen%20coalition)_psx
Gold locket with a painted portrait inside,Treasure,25 gp,—,DMG,https://5e.tools/items.html#gold%20locket%20with%20a%20painted%20portrait%20inside_dmg
Gold locket with a painted portrait inside (Legion of Dusk),Treasure,25 gp,—,PSX,https://5e.tools/items.html#gold%20locket%20with%20a%20painted%20portrait%20inside%20(legion%20of%20dusk)_psx
Gold music box,Treasure,"2,500 gp",—,DMG,https://5e.tools/items.html#gold%20music%20box_dmg
Gold music box (Brazen Coalition),Treasure,"2,500 gp",—,PSX,https://5e.tools/items.html#gold%20music%20box%20(brazen%20coalition)_psx
Gold pendant with black onyx (Legion of Dusk),Treasure,250 gp,—,PSX,https://5e.tools/items.html#gold%20pendant%20with%20black%20onyx%20(legion%20of%20dusk)_psx
Gold ring set with bloodstones,Treasure,250 gp,—,DMG,https://5e.tools/items.html#gold%20ring%20set%20with%20bloodstones_dmg
Gold ring with turquoise (Legion of Dusk),Treasure,25 gp,—,PSX,https://5e.tools/items.html#gold%20ring%20with%20turquoise%20(legion%20of%20dusk)_psx
Gold Zino,Treasure,1 gp,—,GGR,https://5e.tools/items.html#gold%20zino_ggr
Gold-plated ceremonial helmet and pauldrons (Legion of Dusk),Treasure,"2,500 gp",—,PSX,https://5e.tools/items.html#gold-plated%20ceremonial%20helmet%20and%20pauldrons%20(legion%20of%20dusk)_psx
Gold-plated sextant with topaz (Brazen Coalition),Treasure,750 gp,—,PSX,https://5e.tools/items.html#gold-plated%20sextant%20with%20topaz%20(brazen%20coalition)_psx
Grappling Hook,Adventuring Gear,2 gp,4 lb.,PHB,https://5e.tools/items.html#grappling%20hook_phb
Greataxe,"Martial Weapon, Melee Weapon",30 gp,7 lb.,PHB,https://5e.tools/items.html#greataxe_phb
Greatclub,"Simple Weapon, Melee Weapon",2 sp,10 lb.,PHB,https://5e.tools/items.html#greatclub_phb
Greatsword,"Martial Weapon, Melee Weapon",50 gp,6 lb.,PHB,https://5e.tools/items.html#greatsword_phb
Grenade Launcher,"Modern, Adventuring Gear",—,7 lb.,DMG,https://5e.tools/items.html#grenade%20launcher_dmg
Gunpowder Horn,"Renaissance, Explosive",35 gp,2 lb.,DMG,https://5e.tools/items.html#gunpowder%20horn_dmg
Gunpowder Keg,"Renaissance, Explosive",250 gp,20 lb.,DMG,https://5e.tools/items.html#gunpowder%20keg_dmg
Hacking Tools,"Modern, Tools",—,—,UAMM,https://5e.tools/items.html#hacking%20tools_uamm
Halberd,"Martial Weapon, Melee Weapon",20 gp,6 lb.,PHB,https://5e.tools/items.html#halberd_phb
Half Plate Armor,Medium Armor,750 gp,40 lb.,PHB,https://5e.tools/items.html#half%20plate%20armor_phb
Half Plate Barding,Tack and Harness,"3,000 gp",80 lb.,PHB,https://5e.tools/items.html#half%20plate%20barding_phb
Hammer,Adventuring Gear,1 gp,3 lb.,PHB,https://5e.tools/items.html#hammer_phb
Hand Crossbow,"Martial Weapon, Ranged Weapon",75 gp,3 lb.,PHB,https://5e.tools/items.html#hand%20crossbow_phb
Hand Drum,Instrument,—,—,SCAG,https://5e.tools/items.html#hand%20drum_scag
Handaxe,"Simple Weapon, Melee Weapon",5 gp,2 lb.,PHB,https://5e.tools/items.html#handaxe_phb
Harbor Moon,Treasure,50 gp,—,WDH,https://5e.tools/items.html#harbor%20moon_wdh
Healer's Kit,Adventuring Gear,5 gp,3 lb.,PHB,https://5e.tools/items.html#healer's%20kit_phb
Heavy Crossbow,"Martial Weapon, Ranged Weapon",50 gp,18 lb.,PHB,https://5e.tools/items.html#heavy%20crossbow_phb
Hematite,Treasure,10 gp,—,DMG,https://5e.tools/items.html#hematite_dmg
Hempen Rope (50 feet),Adventuring Gear,1 gp,10 lb.,PHB,https://5e.tools/items.html#hempen%20rope%20(50%20feet)_phb
Herbalism Kit,Tools,5 gp,3 lb.,PHB,https://5e.tools/items.html#herbalism%20kit_phb
Hide Armor,Medium Armor,10 gp,12 lb.,PHB,https://5e.tools/items.html#hide%20armor_phb
Hide Barding,Tack and Harness,40 gp,24 lb.,PHB,https://5e.tools/items.html#hide%20barding_phb
Holy Symbol,Spellcasting Focus,—,—,PHB,https://5e.tools/items.html#holy%20symbol_phb
Holy Water (flask),Adventuring Gear,25 gp,1 lb.,PHB,https://5e.tools/items.html#holy%20water%20(flask)_phb
Hooded Lantern,Adventuring Gear,5 gp,2 lb.,PHB,https://5e.tools/items.html#hooded%20lantern_phb
Hooked Shortspear,"Martial Weapon, Melee Weapon",—,2 lb.,OotA,https://5e.tools/items.html#hooked%20shortspear_oota
Horn,Instrument,3 gp,2 lb.,PHB,https://5e.tools/items.html#horn_phb
Horror Trinket,Adventuring Gear,—,—,VRGR,https://5e.tools/items.html#horror%20trinket_vrgr
Hourglass,Adventuring Gear,25 gp,1 lb.,PHB,https://5e.tools/items.html#hourglass_phb
Hunk of Cheese,Food and Drink,1 sp,—,PHB,https://5e.tools/items.html#hunk%20of%20cheese_phb
Hunting Rifle,"Firearm, Modern, Martial Weapon, Ranged Weapon",—,8 lb.,DMG,https://5e.tools/items.html#hunting%20rifle_dmg
Hunting Trap,Adventuring Gear,5 gp,25 lb.,PHB,https://5e.tools/items.html#hunting%20trap_phb
Icewind Dale Trinket,Adventuring Gear,—,—,IDRotF,https://5e.tools/items.html#icewind%20dale%20trinket_idrotf
Ink (1-ounce bottle),Adventuring Gear,10 gp,—,PHB,https://5e.tools/items.html#ink%20(1-ounce%20bottle)_phb
Ink Pen,Adventuring Gear,2 cp,—,PHB,https://5e.tools/items.html#ink%20pen_phb
Insect Repellent (block of incense),Adventuring Gear,1 sp,—,ToA,https://5e.tools/items.html#insect%20repellent%20(block%20of%20incense)_toa
Insect Repellent (greasy salve),Adventuring Gear,1 gp,—,ToA,https://5e.tools/items.html#insect%20repellent%20(greasy%20salve)_toa
Iron,Trade Good,1 sp,1 lb.,PHB,https://5e.tools/items.html#iron_phb
Iron Pot,Adventuring Gear,2 gp,10 lb.,PHB,https://5e.tools/items.html#iron%20pot_phb
Iron Spike,Adventuring Gear,1 sp,½ lb.,PHB,https://5e.tools/items.html#iron%20spike_phb
Iron Spikes (10),Adventuring Gear,1 gp,5 lb.,PHB,https://5e.tools/items.html#iron%20spikes%20(10)_phb
Ivana's Whisper,"Adventuring Gear, Poison",—,—,VRGR,https://5e.tools/items.html#ivana's%20whisper_vrgr
Jacinth,Treasure,"5,000 gp",—,DMG,https://5e.tools/items.html#jacinth_dmg
Jade,Treasure,100 gp,—,DMG,https://5e.tools/items.html#jade_dmg
Jade bowl (River Heralds),Treasure,250 gp,—,PSX,https://5e.tools/items.html#jade%20bowl%20(river%20heralds)_psx
Jade breastplate (River Heralds),Treasure,"7,500 gp",—,PSX,https://5e.tools/items.html#jade%20breastplate%20(river%20heralds)_psx
Jade game board with solid gold playing pieces,Treasure,"7,500 gp",—,DMG,https://5e.tools/items.html#jade%20game%20board%20with%20solid%20gold%20playing%20pieces_dmg
Jade headpiece (River Heralds),Treasure,250 gp,—,PSX,https://5e.tools/items.html#jade%20headpiece%20(river%20heralds)_psx
Jade sword with amber (River Heralds),Treasure,750 gp,—,PSX,https://5e.tools/items.html#jade%20sword%20with%20amber%20(river%20heralds)_psx
Jade totem with diamond eyes (River Heralds),Treasure,"7,500 gp",—,PSX,https://5e.tools/items.html#jade%20totem%20with%20diamond%20eyes%20(river%20heralds)_psx
Jasper,Treasure,50 gp,—,DMG,https://5e.tools/items.html#jasper_dmg
Javelin,"Simple Weapon, Melee Weapon",5 sp,2 lb.,PHB,https://5e.tools/items.html#javelin_phb
Jet,Treasure,100 gp,—,DMG,https://5e.tools/items.html#jet_dmg
Jeweled anklet,Treasure,"2,500 gp",—,DMG,https://5e.tools/items.html#jeweled%20anklet_dmg
Jeweled anklet (Brazen Coalition),Treasure,"2,500 gp",—,PSX,https://5e.tools/items.html#jeweled%20anklet%20(brazen%20coalition)_psx
Jeweled gold crown,Treasure,"7,500 gp",—,DMG,https://5e.tools/items.html#jeweled%20gold%20crown_dmg
Jeweled platinum ring,Treasure,"7,500 gp",—,DMG,https://5e.tools/items.html#jeweled%20platinum%20ring_dmg
Jeweler's Tools,Artisan's Tools,25 gp,2 lb.,PHB,https://5e.tools/items.html#jeweler's%20tools_phb
Jug,Adventuring Gear,2 cp,4 lb.,PHB,https://5e.tools/items.html#jug_phb
Keelboat,Vehicle (Water),"3,000 gp",—,DMG,https://5e.tools/items.html#keelboat_dmg
Ladder (10-foot),Adventuring Gear,1 sp,25 lb.,PHB,https://5e.tools/items.html#ladder%20(10-foot)_phb
Lamp,Adventuring Gear,5 sp,1 lb.,PHB,https://5e.tools/items.html#lamp_phb
Lance,"Martial Weapon, Melee Weapon",10 gp,6 lb.,PHB,https://5e.tools/items.html#lance_phb
Lapis Lazuli,Treasure,10 gp,—,DMG,https://5e.tools/items.html#lapis%20lazuli_dmg
Large gold bracelet,Treasure,250 gp,—,DMG,https://5e.tools/items.html#large%20gold%20bracelet_dmg
Large gold bracelet (Legion of Dusk),Treasure,250 gp,—,PSX,https://5e.tools/items.html#large%20gold%20bracelet%20(legion%20of%20dusk)_psx
Large jade totem (River Heralds),Treasure,750 gp,—,PSX,https://5e.tools/items.html#large%20jade%20totem%20(river%20heralds)_psx
Large well-made tapestry,Treasure,250 gp,—,DMG,https://5e.tools/items.html#large%20well-made%20tapestry_dmg
Large well-made tapestry (Legion of Dusk),Treasure,250 gp,—,PSX,https://5e.tools/items.html#large%20well-made%20tapestry%20(legion%20of%20dusk)_psx
Laser Pistol,"Firearm, Futuristic, Martial Weapon, Ranged Weapon",—,2 lb.,DMG,https://5e.tools/items.html#laser%20pistol_dmg
Laser Rifle,"Firearm, Futuristic, Martial Weapon, Ranged Weapon",—,7 lb.,DMG,https://5e.tools/items.html#laser%20rifle_dmg
Leather Armor,Light Armor,10 gp,10 lb.,PHB,https://5e.tools/items.html#leather%20armor_phb
Leather Barding,Tack and Harness,40 gp,20 lb.,PHB,https://5e.tools/items.html#leather%20barding_phb
Leatherworker's Tools,Artisan's Tools,5 gp,5 lb.,PHB,https://5e.tools/items.html#leatherworker's%20tools_phb
Light Crossbow,"Simple Weapon, Ranged Weapon",25 gp,5 lb.,PHB,https://5e.tools/items.html#light%20crossbow_phb
Light Hammer,"Simple Weapon, Melee Weapon",2 gp,2 lb.,PHB,https://5e.tools/items.html#light%20hammer_phb
Light Repeating Crossbow,"Simple Weapon, Ranged Weapon",—,5 lb.,OotA,https://5e.tools/items.html#light%20repeating%20crossbow_oota
Linen (1 sq. yd.),Trade Good,5 gp,—,PHB,https://5e.tools/items.html#linen%20(1%20sq.%20yd.)_phb
Loaf of Bread,Food and Drink,2 cp,—,PHB,https://5e.tools/items.html#loaf%20of%20bread_phb
Lock,Adventuring Gear,10 gp,1 lb.,PHB,https://5e.tools/items.html#lock_phb
Longbow,"Martial Weapon, Ranged Weapon",50 gp,2 lb.,PHB,https://5e.tools/items.html#longbow_phb
Longhorn,Instrument,—,—,SCAG,https://5e.tools/items.html#longhorn_scag
Longship,Vehicle (Water),"10,000 gp",—,DMG,https://5e.tools/items.html#longship_dmg
Longsword,"Martial Weapon, Melee Weapon",15 gp,3 lb.,PHB,https://5e.tools/items.html#longsword_phb
Lute,Instrument,35 gp,2 lb.,PHB,https://5e.tools/items.html#lute_phb
Lute crafted of exotic wood with mother-of-pearl inlay and zircon gems (Brazen Coalition),Treasure,750 gp,—,PSX,https://5e.tools/items.html#lute%20crafted%20of%20exotic%20wood%20with%20mother-of-pearl%20inlay%20and%20zircon%20gems%20(brazen%20coalition)_psx
Lyre,Instrument,30 gp,2 lb.,PHB,https://5e.tools/items.html#lyre_phb
Mace,"Simple Weapon, Melee Weapon",5 gp,4 lb.,PHB,https://5e.tools/items.html#mace_phb
Magnifying Glass,Adventuring Gear,100 gp,—,PHB,https://5e.tools/items.html#magnifying%20glass_phb
Malachite,Treasure,10 gp,—,DMG,https://5e.tools/items.html#malachite_dmg
Malice,"Adventuring Gear, Poison",250 gp,—,DMG,https://5e.tools/items.html#malice_dmg
Manacles,Adventuring Gear,2 gp,6 lb.,PHB,https://5e.tools/items.html#manacles_phb
Map or Scroll Case,Adventuring Gear,1 gp,1 lb.,PHB,https://5e.tools/items.html#map%20or%20scroll%20case_phb
Marble font with gold inlay (Legion of Dusk),Treasure,"7,500 gp",—,PSX,https://5e.tools/items.html#marble%20font%20with%20gold%20inlay%20(legion%20of%20dusk)_psx
Mason's Tools,Artisan's Tools,10 gp,8 lb.,PHB,https://5e.tools/items.html#mason's%20tools_phb
Masterpiece painting in mahogany frame with gold inlay (Legion of Dusk),Treasure,"2,500 gp",—,PSX,https://5e.tools/items.html#masterpiece%20painting%20in%20mahogany%20frame%20with%20gold%20inlay%20(legion%20of%20dusk)_psx
Mastiff,Mount,25 gp,—,PHB,https://5e.tools/items.html#mastiff_phb
Matchless Pipe,Other,—,—,WDH,https://5e.tools/items.html#matchless%20pipe_wdh
Maul,"Martial Weapon, Melee Weapon",10 gp,10 lb.,PHB,https://5e.tools/items.html#maul_phb
Menga leaves (1 ounce),Adventuring Gear,2 gp,1 oz.,ToA,https://5e.tools/items.html#menga%20leaves%20(1%20ounce)_toa
Merchant's Scale,Adventuring Gear,5 gp,3 lb.,PHB,https://5e.tools/items.html#merchant's%20scale_phb
Mess Kit,Adventuring Gear,2 sp,1 lb.,PHB,https://5e.tools/items.html#mess%20kit_phb
Midnight Tears,"Adventuring Gear, Poison","1,500 gp",—,DMG,https://5e.tools/items.html#midnight%20tears_dmg
Military Saddle,Tack and Harness,20 gp,30 lb.,PHB,https://5e.tools/items.html#military%20saddle_phb
Miner's Pick,Adventuring Gear,2 gp,10 lb.,PHB,https://5e.tools/items.html#miner's%20pick_phb
Modern Bullet,"Modern, Ammunition",—,1.6 oz.,DMG,https://5e.tools/items.html#modern%20bullet_dmg
Modern Bullets (10),"Modern, Ammunition",—,1 lb.,DMG,https://5e.tools/items.html#modern%20bullets%20(10)_dmg
Monster Hunter's Pack,Adventuring Gear,33 gp,48½ lb.,CoS,https://5e.tools/items.html#monster%20hunter's%20pack_cos
Moonstone,Treasure,50 gp,—,DMG,https://5e.tools/items.html#moonstone_dmg
Moorbounder,Mount,400 gp,—,EGW,https://5e.tools/items.html#moorbounder_egw
Morningstar,"Martial Weapon, Melee Weapon",15 gp,4 lb.,PHB,https://5e.tools/items.html#morningstar_phb
Moss Agate,Treasure,10 gp,—,DMG,https://5e.tools/items.html#moss%20agate_dmg
Mule,Mount,8 gp,—,PHB,https://5e.tools/items.html#mule_phb
Muroosa Balm,Potion,100 gp,—,EGW,https://5e.tools/items.html#muroosa%20balm_egw
Musical Instrument,Instrument,—,—,PHB,https://5e.tools/items.html#musical%20instrument_phb
Musket,"Firearm, Renaissance, Martial Weapon, Ranged Weapon",500 gp,10 lb.,DMG,https://5e.tools/items.html#musket_dmg
Navigator's Tools,Tools,25 gp,2 lb.,PHB,https://5e.tools/items.html#navigator's%20tools_phb
Necklace of electrum medallions with red and blue tournalines (Brazen Coalition),Treasure,750 gp,—,PSX,https://5e.tools/items.html#necklace%20of%20electrum%20medallions%20with%20red%20and%20blue%20tournalines%20(brazen%20coalition)_psx
Necklace of jade and pink pearls (River Heralds),Treasure,"2,500 gp",—,PSX,https://5e.tools/items.html#necklace%20of%20jade%20and%20pink%20pearls%20(river%20heralds)_psx
Necklace string of small pink pearls,Treasure,"2,500 gp",—,DMG,https://5e.tools/items.html#necklace%20string%20of%20small%20pink%20pearls_dmg
Net,"Martial Weapon, Ranged Weapon",1 gp,3 lb.,PHB,https://5e.tools/items.html#net_phb
Nib,Treasure,1 cp,—,WDH,https://5e.tools/items.html#nib_wdh
Nimblewright Detector,Other,—,—,WDH,https://5e.tools/items.html#nimblewright%20detector_wdh
Obsidian,Treasure,10 gp,—,DMG,https://5e.tools/items.html#obsidian_dmg
Obsidian statuette with gold fittings and inlay,Treasure,750 gp,—,DMG,https://5e.tools/items.html#obsidian%20statuette%20with%20gold%20fittings%20and%20inlay_dmg
Oil (flask),Adventuring Gear,1 sp,1 lb.,PHB,https://5e.tools/items.html#oil%20(flask)_phb
Oil of Taggit,"Adventuring Gear, Poison",400 gp,—,DMG,https://5e.tools/items.html#oil%20of%20taggit_dmg
Old masterpiece painting,Treasure,"2,500 gp",—,DMG,https://5e.tools/items.html#old%20masterpiece%20painting_dmg
Olisuba Leaf,Potion,50 gp,—,EGW,https://5e.tools/items.html#olisuba%20leaf_egw
Onyx,Treasure,50 gp,—,DMG,https://5e.tools/items.html#onyx_dmg
Opal,Treasure,"1,000 gp",—,DMG,https://5e.tools/items.html#opal_dmg
Orb,Spellcasting Focus,20 gp,3 lb.,PHB,https://5e.tools/items.html#orb_phb
Oversized Longbow,"Martial Weapon, Ranged Weapon",—,2 lb.,WDH,https://5e.tools/items.html#oversized%20longbow_wdh
Ox,Trade Good,15 gp,—,PHB,https://5e.tools/items.html#ox_phb
Pack Saddle,Tack and Harness,5 gp,15 lb.,PHB,https://5e.tools/items.html#pack%20saddle_phb
Padded Armor,Light Armor,5 gp,8 lb.,PHB,https://5e.tools/items.html#padded%20armor_phb
Padded Barding,Tack and Harness,20 gp,16 lb.,PHB,https://5e.tools/items.html#padded%20barding_phb
Painted gold child's sarcophagus,Treasure,"7,500 gp",—,DMG,https://5e.tools/items.html#painted%20gold%20child's%20sarcophagus_dmg
Painted gold war mask,Treasure,750 gp,—,DMG,https://5e.tools/items.html#painted%20gold%20war%20mask_dmg
Painter's Supplies,Artisan's Tools,10 gp,5 lb.,PHB,https://5e.tools/items.html#painter's%20supplies_phb
Pair of engraved bone dice,Treasure,25 gp,—,DMG,https://5e.tools/items.html#pair%20of%20engraved%20bone%20dice_dmg
Pair of engraved bone dice (Brazen Coalition),Treasure,25 gp,—,PSX,https://5e.tools/items.html#pair%20of%20engraved%20bone%20dice%20(brazen%20coalition)_psx
Pale Tincture,"Adventuring Gear, Poison",250 gp,—,DMG,https://5e.tools/items.html#pale%20tincture_dmg
Pan Flute,Instrument,12 gp,2 lb.,PHB,https://5e.tools/items.html#pan%20flute_phb
Paper (one sheet),Adventuring Gear,2 sp,—,PHB,https://5e.tools/items.html#paper%20(one%20sheet)_phb
Parchment (one sheet),Adventuring Gear,1 sp,—,PHB,https://5e.tools/items.html#parchment%20(one%20sheet)_phb
Pearl,Treasure,100 gp,—,DMG,https://5e.tools/items.html#pearl_dmg
Pepper,Trade Good,2 gp,1 lb.,PHB,https://5e.tools/items.html#pepper_phb
Perfume (vial),Adventuring Gear,5 gp,—,PHB,https://5e.tools/items.html#perfume%20(vial)_phb
Peridot,Treasure,500 gp,—,DMG,https://5e.tools/items.html#peridot_dmg
Pewter mug with green spinels (Brazen Coalition),Treasure,250 gp,—,PSX,https://5e.tools/items.html#pewter%20mug%20with%20green%20spinels%20(brazen%20coalition)_psx
Pig,Trade Good,3 gp,—,PHB,https://5e.tools/items.html#pig_phb
Pike,"Martial Weapon, Melee Weapon",5 gp,18 lb.,PHB,https://5e.tools/items.html#pike_phb
Pistol,"Firearm, Renaissance, Martial Weapon, Ranged Weapon",250 gp,3 lb.,DMG,https://5e.tools/items.html#pistol_dmg
Pitcher,Adventuring Gear,2 cp,4 lb.,PHB,https://5e.tools/items.html#pitcher_phb
Piton,Adventuring Gear,5 cp,¼ lb.,PHB,https://5e.tools/items.html#piton_phb
Plate Armor,Heavy Armor,"1,500 gp",65 lb.,PHB,https://5e.tools/items.html#plate%20armor_phb
Plate Barding,Tack and Harness,"6,000 gp",130 lb.,PHB,https://5e.tools/items.html#plate%20barding_phb
Platinum,Trade Good,500 gp,1 lb.,PHB,https://5e.tools/items.html#platinum_phb
Platinum (pp),Treasure,10 gp,0.32 oz.,PHB,https://5e.tools/items.html#platinum%20(pp)_phb
Platinum 10-Zino Coin,Treasure,10 gp,—,GGR,https://5e.tools/items.html#platinum%2010-zino%20coin_ggr
Platinum 100-Zino Coin,Treasure,100 gp,—,GGR,https://5e.tools/items.html#platinum%20100-zino%20coin_ggr
Platinum bracelet set with a sapphire,Treasure,"2,500 gp",—,DMG,https://5e.tools/items.html#platinum%20bracelet%20set%20with%20a%20sapphire_dmg
Platinum headdress with topaz sun symbol (Sun Empire),Treasure,"2,500 gp",—,PSX,https://5e.tools/items.html#platinum%20headdress%20with%20topaz%20sun%20symbol%20(sun%20empire)_psx
Platinum ring with yellow sapphire (Sun Empire),Treasure,"7,500 gp",—,PSX,https://5e.tools/items.html#platinum%20ring%20with%20yellow%20sapphire%20(sun%20empire)_psx
Platinum staff topped with amber (Sun Empire),Treasure,"7,500 gp",—,PSX,https://5e.tools/items.html#platinum%20staff%20topped%20with%20amber%20(sun%20empire)_psx
Playing Card Set,Gaming Set,5 sp,—,PHB,https://5e.tools/items.html#playing%20card%20set_phb
Poisoner's Kit,Tools,50 gp,2 lb.,PHB,https://5e.tools/items.html#poisoner's%20kit_phb
Pole (10-foot),Adventuring Gear,5 cp,7 lb.,PHB,https://5e.tools/items.html#pole%20(10-foot)_phb
Pony,Mount,30 gp,—,PHB,https://5e.tools/items.html#pony_phb
Portable Ram,Adventuring Gear,4 gp,35 lb.,PHB,https://5e.tools/items.html#portable%20ram_phb
Potter's Tools,Artisan's Tools,10 gp,3 lb.,PHB,https://5e.tools/items.html#potter's%20tools_phb
Pouch,Adventuring Gear,5 sp,1 lb.,PHB,https://5e.tools/items.html#pouch_phb
Pride Silk,Adventuring Gear,100 gp,1 lb.,EGW,https://5e.tools/items.html#pride%20silk_egw
Pride Silk Outfit,Adventuring Gear,500 gp,4 lb.,EGW,https://5e.tools/items.html#pride%20silk%20outfit_egw
Priest's Pack,Adventuring Gear,19 gp,24 lb.,PHB,https://5e.tools/items.html#priest's%20pack_phb
Purple Worm Poison,"Adventuring Gear, Poison","2,000 gp",—,DMG,https://5e.tools/items.html#purple%20worm%20poison_dmg
Quarterstaff,"Simple Weapon, Melee Weapon",2 sp,4 lb.,PHB,https://5e.tools/items.html#quarterstaff_phb
Quartz,Treasure,50 gp,—,DMG,https://5e.tools/items.html#quartz_dmg
Quiver,Adventuring Gear,1 gp,1 lb.,PHB,https://5e.tools/items.html#quiver_phb
Rain Catcher,Adventuring Gear,1 gp,5 lb.,ToA,https://5e.tools/items.html#rain%20catcher_toa
Rapier,"Martial Weapon, Melee Weapon",25 gp,2 lb.,PHB,https://5e.tools/items.html#rapier_phb
Rations (1 day),Adventuring Gear,5 sp,2 lb.,PHB,https://5e.tools/items.html#rations%20(1%20day)_phb
Reliquary,Spellcasting Focus,5 gp,2 lb.,PHB,https://5e.tools/items.html#reliquary_phb
Renaissance Bullet,"Renaissance, Ammunition",3 sp,3.2 oz.,DMG,https://5e.tools/items.html#renaissance%20bullet_dmg
Renaissance Bullets (10),"Renaissance, Ammunition",3 gp,2 lb.,DMG,https://5e.tools/items.html#renaissance%20bullets%20(10)_dmg
Revolver,"Firearm, Modern, Martial Weapon, Ranged Weapon",—,3 lb.,DMG,https://5e.tools/items.html#revolver_dmg
Rhodochrosite,Treasure,10 gp,—,DMG,https://5e.tools/items.html#rhodochrosite_dmg
Riding Horse,Mount,75 gp,—,PHB,https://5e.tools/items.html#riding%20horse_phb
Riding Saddle,Tack and Harness,10 gp,25 lb.,PHB,https://5e.tools/items.html#riding%20saddle_phb
Ring Mail,Heavy Armor,30 gp,40 lb.,PHB,https://5e.tools/items.html#ring%20mail_phb
Ring Mail Barding,Tack and Harness,120 gp,80 lb.,PHB,https://5e.tools/items.html#ring%20mail%20barding_phb
Robes,Adventuring Gear,1 gp,4 lb.,PHB,https://5e.tools/items.html#robes_phb
Rod,Spellcasting Focus,10 gp,2 lb.,PHB,https://5e.tools/items.html#rod_phb
Rowboat,Vehicle (Water),50 gp,100 lb.,DMG,https://5e.tools/items.html#rowboat_dmg
Ruby,Treasure,"5,000 gp",—,DMG,https://5e.tools/items.html#ruby_dmg
Ryath Root,Adventuring Gear,50 gp,—,ToA,https://5e.tools/items.html#ryath%20root_toa
Sack,Adventuring Gear,1 cp,½ lb.,PHB,https://5e.tools/items.html#sack_phb
Saddlebags,Tack and Harness,4 gp,8 lb.,PHB,https://5e.tools/items.html#saddlebags_phb
Saffron,Trade Good,15 gp,1 lb.,PHB,https://5e.tools/items.html#saffron_phb
Sailing Ship,Vehicle (Water),"10,000 gp",—,DMG,https://5e.tools/items.html#sailing%20ship_dmg
Salt,Trade Good,5 cp,1 lb.,PHB,https://5e.tools/items.html#salt_phb
Sardonyx,Treasure,50 gp,—,DMG,https://5e.tools/items.html#sardonyx_dmg
Scale Mail,Medium Armor,50 gp,45 lb.,PHB,https://5e.tools/items.html#scale%20mail_phb
Scale Mail Barding,Tack and Harness,200 gp,90 lb.,PHB,https://5e.tools/items.html#scale%20mail%20barding_phb
Scholar's Pack,Adventuring Gear,40 gp,10 lb.,PHB,https://5e.tools/items.html#scholar's%20pack_phb
Scimitar,"Martial Weapon, Melee Weapon",25 gp,3 lb.,PHB,https://5e.tools/items.html#scimitar_phb
Sealing Wax,Adventuring Gear,5 sp,—,PHB,https://5e.tools/items.html#sealing%20wax_phb
Serpent Venom,"Adventuring Gear, Poison",200 gp,—,DMG,https://5e.tools/items.html#serpent%20venom_dmg
Shard,Treasure,1 sp,—,WDH,https://5e.tools/items.html#shard_wdh
Shatterstick,Other,—,—,BGDIA,https://5e.tools/items.html#shatterstick_bgdia
Shawm,Instrument,2 gp,1 lb.,PHB,https://5e.tools/items.html#shawm_phb
Shawm,Instrument,—,—,SCAG,https://5e.tools/items.html#shawm_scag
Sheep,Trade Good,2 gp,—,PHB,https://5e.tools/items.html#sheep_phb
Shield,Shield,10 gp,6 lb.,PHB,https://5e.tools/items.html#shield_phb
Shortbow,"Simple Weapon, Ranged Weapon",25 gp,2 lb.,PHB,https://5e.tools/items.html#shortbow_phb
Shortsword,"Martial Weapon, Melee Weapon",10 gp,2 lb.,PHB,https://5e.tools/items.html#shortsword_phb
Shotgun,"Firearm, Modern, Martial Weapon, Ranged Weapon",—,7 lb.,DMG,https://5e.tools/items.html#shotgun_dmg
Shovel,Adventuring Gear,2 gp,5 lb.,PHB,https://5e.tools/items.html#shovel_phb
Sickle,"Simple Weapon, Melee Weapon",1 gp,2 lb.,PHB,https://5e.tools/items.html#sickle_phb
Signal Whistle,Adventuring Gear,5 cp,—,PHB,https://5e.tools/items.html#signal%20whistle_phb
Signet Ring,Adventuring Gear,5 gp,—,PHB,https://5e.tools/items.html#signet%20ring_phb
Silk (1 sq. yd.),Trade Good,10 gp,—,PHB,https://5e.tools/items.html#silk%20(1%20sq.%20yd.)_phb
Silk robe with gold embroidery,Treasure,250 gp,—,DMG,https://5e.tools/items.html#silk%20robe%20with%20gold%20embroidery_dmg
Silk Rope (50 feet),Adventuring Gear,10 gp,5 lb.,PHB,https://5e.tools/items.html#silk%20rope%20(50%20feet)_phb
Silver,Trade Good,5 gp,1 lb.,PHB,https://5e.tools/items.html#silver_phb
Silver (sp),Treasure,1 sp,0.32 oz.,PHB,https://5e.tools/items.html#silver%20(sp)_phb
Silver 25-Zib Coin,Treasure,"2 sp, 5 cp",—,GGR,https://5e.tools/items.html#silver%2025-zib%20coin_ggr
Silver and gold brooch,Treasure,750 gp,—,DMG,https://5e.tools/items.html#silver%20and%20gold%20brooch_dmg
Silver chalice set with moonstones,Treasure,750 gp,—,DMG,https://5e.tools/items.html#silver%20chalice%20set%20with%20moonstones_dmg
Silver ewer,Treasure,25 gp,—,DMG,https://5e.tools/items.html#silver%20ewer_dmg
Silver headdress with amber and red-coral feathers (Sun Empire),Treasure,750 gp,—,PSX,https://5e.tools/items.html#silver%20headdress%20with%20amber%20and%20red-coral%20feathers%20(sun%20empire)_psx
Silver medallion (Sun Empire),Treasure,25 gp,—,PSX,https://5e.tools/items.html#silver%20medallion%20(sun%20empire)_psx
Silver necklace with a gemstone pendant,Treasure,250 gp,—,DMG,https://5e.tools/items.html#silver%20necklace%20with%20a%20gemstone%20pendant_dmg
Silver necklace with an amber pendant (Sun Empire),Treasure,250 gp,—,PSX,https://5e.tools/items.html#silver%20necklace%20with%20an%20amber%20pendant%20(sun%20empire)_psx
Silver shoulder piece with amber and garnet (Sun Empire),Treasure,750 gp,—,PSX,https://5e.tools/items.html#silver%20shoulder%20piece%20with%20amber%20and%20garnet%20(sun%20empire)_psx
Silver-plated steel longsword with jet set in hilt,Treasure,750 gp,—,DMG,https://5e.tools/items.html#silver-plated%20steel%20longsword%20with%20jet%20set%20in%20hilt_dmg
Silvered Ammunition,"Ammunition, Generic Variant",—,—,PHB,https://5e.tools/items.html#silvered%20ammunition_phb
Silvered Antimatter Rifle,"Firearm, Futuristic, Martial Weapon, Ranged Weapon",—,10 lb.,PHB,https://5e.tools/items.html#silvered%20antimatter%20rifle_phb
Silvered Arrow,Ammunition,—,0.8 oz.,PHB,https://5e.tools/items.html#silvered%20arrow_phb
Silvered Automatic Pistol,"Firearm, Modern, Martial Weapon, Ranged Weapon",—,3 lb.,PHB,https://5e.tools/items.html#silvered%20automatic%20pistol_phb
Silvered Automatic Rifle,"Firearm, Modern, Martial Weapon, Ranged Weapon",—,8 lb.,PHB,https://5e.tools/items.html#silvered%20automatic%20rifle_phb
Silvered Battleaxe,"Martial Weapon, Melee Weapon",110 gp,4 lb.,PHB,https://5e.tools/items.html#silvered%20battleaxe_phb
Silvered Blowgun,"Martial Weapon, Ranged Weapon",110 gp,1 lb.,PHB,https://5e.tools/items.html#silvered%20blowgun_phb
Silvered Blowgun Needle,Ammunition,—,0.32 oz.,PHB,https://5e.tools/items.html#silvered%20blowgun%20needle_phb
Silvered Club,"Simple Weapon, Melee Weapon","100 gp, 1 sp",2 lb.,PHB,https://5e.tools/items.html#silvered%20club_phb
Silvered Crossbow Bolt,Ammunition,—,1.2 oz.,PHB,https://5e.tools/items.html#silvered%20crossbow%20bolt_phb
Silvered Dagger,"Simple Weapon, Melee Weapon",102 gp,1 lb.,PHB,https://5e.tools/items.html#silvered%20dagger_phb
Silvered Dart,"Simple Weapon, Ranged Weapon","100 gp, 5 cp",¼ lb.,PHB,https://5e.tools/items.html#silvered%20dart_phb
Silvered Double-Bladed Scimitar,"Martial Weapon, Melee Weapon",200 gp,6 lb.,PHB,https://5e.tools/items.html#silvered%20double-bladed%20scimitar_phb
Silvered Flail,"Martial Weapon, Melee Weapon",110 gp,2 lb.,PHB,https://5e.tools/items.html#silvered%20flail_phb
Silvered Glaive,"Martial Weapon, Melee Weapon",120 gp,6 lb.,PHB,https://5e.tools/items.html#silvered%20glaive_phb
Silvered Greataxe,"Martial Weapon, Melee Weapon",130 gp,7 lb.,PHB,https://5e.tools/items.html#silvered%20greataxe_phb
Silvered Greatclub,"Simple Weapon, Melee Weapon","100 gp, 2 sp",10 lb.,PHB,https://5e.tools/items.html#silvered%20greatclub_phb
Silvered Greatsword,"Martial Weapon, Melee Weapon",150 gp,6 lb.,PHB,https://5e.tools/items.html#silvered%20greatsword_phb
Silvered Halberd,"Martial Weapon, Melee Weapon",120 gp,6 lb.,PHB,https://5e.tools/items.html#silvered%20halberd_phb
Silvered Hand Crossbow,"Martial Weapon, Ranged Weapon",175 gp,3 lb.,PHB,https://5e.tools/items.html#silvered%20hand%20crossbow_phb
Silvered Handaxe,"Simple Weapon, Melee Weapon",105 gp,2 lb.,PHB,https://5e.tools/items.html#silvered%20handaxe_phb
Silvered Heavy Crossbow,"Martial Weapon, Ranged Weapon",150 gp,18 lb.,PHB,https://5e.tools/items.html#silvered%20heavy%20crossbow_phb
Silvered Hooked Shortspear,"Martial Weapon, Melee Weapon",—,2 lb.,PHB,https://5e.tools/items.html#silvered%20hooked%20shortspear_phb
Silvered Hunting Rifle,"Firearm, Modern, Martial Weapon, Ranged Weapon",—,8 lb.,PHB,https://5e.tools/items.html#silvered%20hunting%20rifle_phb
Silvered Javelin,"Simple Weapon, Melee Weapon","100 gp, 5 sp",2 lb.,PHB,https://5e.tools/items.html#silvered%20javelin_phb
Silvered Lance,"Martial Weapon, Melee Weapon",110 gp,6 lb.,PHB,https://5e.tools/items.html#silvered%20lance_phb
Silvered Laser Pistol,"Firearm, Futuristic, Martial Weapon, Ranged Weapon",—,2 lb.,PHB,https://5e.tools/items.html#silvered%20laser%20pistol_phb
Silvered Laser Rifle,"Firearm, Futuristic, Martial Weapon, Ranged Weapon",—,7 lb.,PHB,https://5e.tools/items.html#silvered%20laser%20rifle_phb
Silvered Light Crossbow,"Simple Weapon, Ranged Weapon",125 gp,5 lb.,PHB,https://5e.tools/items.html#silvered%20light%20crossbow_phb
Silvered Light Hammer,"Simple Weapon, Melee Weapon",102 gp,2 lb.,PHB,https://5e.tools/items.html#silvered%20light%20hammer_phb
Silvered Light Repeating Crossbow,"Simple Weapon, Ranged Weapon",—,5 lb.,PHB,https://5e.tools/items.html#silvered%20light%20repeating%20crossbow_phb
Silvered Longbow,"Martial Weapon, Ranged Weapon",150 gp,2 lb.,PHB,https://5e.tools/items.html#silvered%20longbow_phb
Silvered Longsword,"Martial Weapon, Melee Weapon",115 gp,3 lb.,PHB,https://5e.tools/items.html#silvered%20longsword_phb
Silvered Mace,"Simple Weapon, Melee Weapon",105 gp,4 lb.,PHB,https://5e.tools/items.html#silvered%20mace_phb
Silvered Maul,"Martial Weapon, Melee Weapon",110 gp,10 lb.,PHB,https://5e.tools/items.html#silvered%20maul_phb
Silvered Modern Bullet,"Modern, Ammunition",—,1.6 oz.,PHB,https://5e.tools/items.html#silvered%20modern%20bullet_phb
Silvered Morningstar,"Martial Weapon, Melee Weapon",115 gp,4 lb.,PHB,https://5e.tools/items.html#silvered%20morningstar_phb
Silvered Musket,"Firearm, Renaissance, Martial Weapon, Ranged Weapon",600 gp,10 lb.,PHB,https://5e.tools/items.html#silvered%20musket_phb
Silvered Pike,"Martial Weapon, Melee Weapon",105 gp,18 lb.,PHB,https://5e.tools/items.html#silvered%20pike_phb
Silvered Pistol,"Firearm, Renaissance, Martial Weapon, Ranged Weapon",350 gp,3 lb.,PHB,https://5e.tools/items.html#silvered%20pistol_phb
Silvered Quarterstaff,"Simple Weapon, Melee Weapon","100 gp, 2 sp",4 lb.,PHB,https://5e.tools/items.html#silvered%20quarterstaff_phb
Silvered Rapier,"Martial Weapon, Melee Weapon",125 gp,2 lb.,PHB,https://5e.tools/items.html#silvered%20rapier_phb
Silvered Renaissance Bullet,"Renaissance, Ammunition",—,3.2 oz.,PHB,https://5e.tools/items.html#silvered%20renaissance%20bullet_phb
Silvered Revolver,"Firearm, Modern, Martial Weapon, Ranged Weapon",—,3 lb.,PHB,https://5e.tools/items.html#silvered%20revolver_phb
Silvered Scimitar,"Martial Weapon, Melee Weapon",125 gp,3 lb.,PHB,https://5e.tools/items.html#silvered%20scimitar_phb
Silvered Shortbow,"Simple Weapon, Ranged Weapon",125 gp,2 lb.,PHB,https://5e.tools/items.html#silvered%20shortbow_phb
Silvered Shortsword,"Martial Weapon, Melee Weapon",110 gp,2 lb.,PHB,https://5e.tools/items.html#silvered%20shortsword_phb
Silvered Shotgun,"Firearm, Modern, Martial Weapon, Ranged Weapon",—,7 lb.,PHB,https://5e.tools/items.html#silvered%20shotgun_phb
Silvered Sickle,"Simple Weapon, Melee Weapon",101 gp,2 lb.,PHB,https://5e.tools/items.html#silvered%20sickle_phb
Silvered Sling,"Simple Weapon, Ranged Weapon","100 gp, 1 sp",—,PHB,https://5e.tools/items.html#silvered%20sling_phb
Silvered Sling Bullet,Ammunition,—,1.2 oz.,PHB,https://5e.tools/items.html#silvered%20sling%20bullet_phb
Silvered Spear,"Simple Weapon, Melee Weapon",101 gp,3 lb.,PHB,https://5e.tools/items.html#silvered%20spear_phb
Silvered Trident,"Martial Weapon, Melee Weapon",105 gp,4 lb.,PHB,https://5e.tools/items.html#silvered%20trident_phb
Silvered War Pick,"Martial Weapon, Melee Weapon",105 gp,2 lb.,PHB,https://5e.tools/items.html#silvered%20war%20pick_phb
Silvered Warhammer,"Martial Weapon, Melee Weapon",115 gp,2 lb.,PHB,https://5e.tools/items.html#silvered%20warhammer_phb
Silvered Weapon,Generic Variant,—,—,PHB,https://5e.tools/items.html#silvered%20weapon_phb
Silvered Whip,"Martial Weapon, Melee Weapon",102 gp,3 lb.,PHB,https://5e.tools/items.html#silvered%20whip_phb
Silvered Yklwa,"Simple Weapon, Melee Weapon",101 gp,3 lb.,PHB,https://5e.tools/items.html#silvered%20yklwa_phb
Sinda berries (10),Adventuring Gear,5 gp,—,ToA,https://5e.tools/items.html#sinda%20berries%20(10)_toa
Skyship,Vehicle (Air),"100,000 gp",—,EGW,https://5e.tools/items.html#skyship_egw
Sled,Vehicle (Land),20 gp,300 lb.,PHB,https://5e.tools/items.html#sled_phb
Sled Dog,Mount,50 gp,—,IDRotF,https://5e.tools/items.html#sled%20dog_idrotf
Sledgehammer,Adventuring Gear,2 gp,10 lb.,PHB,https://5e.tools/items.html#sledgehammer_phb
Sling,"Simple Weapon, Ranged Weapon",1 sp,—,PHB,https://5e.tools/items.html#sling_phb
Sling Bullet,Ammunition,0.2 cp,1.2 oz.,PHB,https://5e.tools/items.html#sling%20bullet_phb
Sling Bullets (20),Ammunition,4 cp,1½ lb.,PHB,https://5e.tools/items.html#sling%20bullets%20(20)_phb
Small gold bracelet,Treasure,25 gp,—,DMG,https://5e.tools/items.html#small%20gold%20bracelet_dmg
Small gold idol,Treasure,750 gp,—,DMG,https://5e.tools/items.html#small%20gold%20idol_dmg
Small gold statuette set with rubies,Treasure,"7,500 gp",—,DMG,https://5e.tools/items.html#small%20gold%20statuette%20set%20with%20rubies_dmg
Small mirror set in a painted wooden frame,Treasure,25 gp,—,DMG,https://5e.tools/items.html#small%20mirror%20set%20in%20a%20painted%20wooden%20frame_dmg
Smith's Tools,Artisan's Tools,20 gp,8 lb.,PHB,https://5e.tools/items.html#smith's%20tools_phb
Smoke Grenade,"Modern, Explosive",—,2 lb.,DMG,https://5e.tools/items.html#smoke%20grenade_dmg
Snowshoes,Adventuring Gear,2 gp,4 lb.,IDRotF,https://5e.tools/items.html#snowshoes_idrotf
Soap,Adventuring Gear,2 cp,—,PHB,https://5e.tools/items.html#soap_phb
Songhorn,Instrument,—,—,SCAG,https://5e.tools/items.html#songhorn_scag
Soothsalts,Potion,150 gp,—,EGW,https://5e.tools/items.html#soothsalts_egw
Spear,"Simple Weapon, Melee Weapon",1 gp,3 lb.,PHB,https://5e.tools/items.html#spear_phb
Spellbook,Adventuring Gear,50 gp,3 lb.,PHB,https://5e.tools/items.html#spellbook_phb
Spiked Armor,Medium Armor,75 gp,45 lb.,SCAG,https://5e.tools/items.html#spiked%20armor_scag
Spiked Barding,Tack and Harness,300 gp,90 lb.,PHB,https://5e.tools/items.html#spiked%20barding_phb
Spinel,Treasure,100 gp,—,DMG,https://5e.tools/items.html#spinel_dmg
Splint Armor,Heavy Armor,200 gp,60 lb.,PHB,https://5e.tools/items.html#splint%20armor_phb
Splint Barding,Tack and Harness,800 gp,120 lb.,PHB,https://5e.tools/items.html#splint%20barding_phb
Sprig of Mistletoe,Spellcasting Focus,1 gp,—,PHB,https://5e.tools/items.html#sprig%20of%20mistletoe_phb
Spyglass,Adventuring Gear,"1,000 gp",1 lb.,PHB,https://5e.tools/items.html#spyglass_phb
Stabling (per day),Tack and Harness,5 sp,—,PHB,https://5e.tools/items.html#stabling%20(per%20day)_phb
Staff,"Staff, Melee Weapon, Spellcasting Focus",5 gp,4 lb.,PHB,https://5e.tools/items.html#staff_phb
Star rose quartz,Treasure,50 gp,—,DMG,https://5e.tools/items.html#star%20rose%20quartz_dmg
Star Ruby,Treasure,"1,000 gp",—,DMG,https://5e.tools/items.html#star%20ruby_dmg
Star Sapphire,Treasure,"1,000 gp",—,DMG,https://5e.tools/items.html#star%20sapphire_dmg
Steel Mirror,Adventuring Gear,5 gp,½ lb.,PHB,https://5e.tools/items.html#steel%20mirror_phb
Studded Leather Armor,Light Armor,45 gp,13 lb.,PHB,https://5e.tools/items.html#studded%20leather%20armor_phb
Studded Leather Barding,Tack and Harness,180 gp,26 lb.,PHB,https://5e.tools/items.html#studded%20leather%20barding_phb
Sun,Treasure,10 gp,—,WDH,https://5e.tools/items.html#sun_wdh
Sun amulet on a beaded chain (Sun Empire),Treasure,25 gp,—,PSX,https://5e.tools/items.html#sun%20amulet%20on%20a%20beaded%20chain%20(sun%20empire)_psx
Survival Mantle,Medium Armor,—,40 lb.,VGM,https://5e.tools/items.html#survival%20mantle_vgm
Tangler Grenade,Other,—,—,WDMM,https://5e.tools/items.html#tangler%20grenade_wdmm
Tankard,Adventuring Gear,2 cp,1 lb.,PHB,https://5e.tools/items.html#tankard_phb
Tantan,Instrument,—,—,SCAG,https://5e.tools/items.html#tantan_scag
Taol,Treasure,2 gp,—,WDH,https://5e.tools/items.html#taol_wdh
Tej,Food and Drink,—,5 lb.,ToA,https://5e.tools/items.html#tej_toa
The Incantations of Iriolarthas,Adventuring Gear,—,3 lb.,IDRotF,https://5e.tools/items.html#the%20incantations%20of%20iriolarthas_idrotf
Theki Root,Potion,3 gp,—,EGW,https://5e.tools/items.html#theki%20root_egw
Thelarr,Instrument,—,—,SCAG,https://5e.tools/items.html#thelarr_scag
Thessaltoxin,Poison,—,—,IMR,https://5e.tools/items.html#thessaltoxin_imr
Thieves' Tools,Tools,25 gp,1 lb.,PHB,https://5e.tools/items.html#thieves'%20tools_phb
Three-Dragon Ante Set,Gaming Set,1 gp,—,PHB,https://5e.tools/items.html#three-dragon%20ante%20set_phb
Tiger Eye,Treasure,10 gp,—,DMG,https://5e.tools/items.html#tiger%20eye_dmg
Tinderbox,Adventuring Gear,5 sp,1 lb.,PHB,https://5e.tools/items.html#tinderbox_phb
Tinker's Tools,Artisan's Tools,50 gp,10 lb.,PHB,https://5e.tools/items.html#tinker's%20tools_phb
Tiny jade figurine (River Heralds),Treasure,25 gp,—,PSX,https://5e.tools/items.html#tiny%20jade%20figurine%20(river%20heralds)_psx
Tocken,Instrument,—,—,SCAG,https://5e.tools/items.html#tocken_scag
Tome of Strahd,Adventuring Gear,—,5 lb.,CoS,https://5e.tools/items.html#tome%20of%20strahd_cos
Topaz,Treasure,500 gp,—,DMG,https://5e.tools/items.html#topaz_dmg
Torch,Adventuring Gear,1 cp,1 lb.,PHB,https://5e.tools/items.html#torch_phb
Torpor,"Adventuring Gear, Poison",600 gp,—,DMG,https://5e.tools/items.html#torpor_dmg
Totem,Spellcasting Focus,1 gp,—,PHB,https://5e.tools/items.html#totem_phb
Tourmaline,Treasure,100 gp,—,DMG,https://5e.tools/items.html#tourmaline_dmg
Traveler's Clothes,Adventuring Gear,2 gp,4 lb.,PHB,https://5e.tools/items.html#traveler's%20clothes_phb
Treasure chest crafted of exotic wood with gold fittings and opals (Brazen Coalition),Treasure,"7,500 gp",—,PSX,https://5e.tools/items.html#treasure%20chest%20crafted%20of%20exotic%20wood%20with%20gold%20fittings%20and%20opals%20(brazen%20coalition)_psx
Trident,"Martial Weapon, Melee Weapon",5 gp,4 lb.,PHB,https://5e.tools/items.html#trident_phb
Trinket,Adventuring Gear,—,—,AI,https://5e.tools/items.html#trinket_ai
Trinket,Adventuring Gear,—,—,CoS,https://5e.tools/items.html#trinket_cos
Trinket,Adventuring Gear,—,—,EET,https://5e.tools/items.html#trinket_eet
Trinket,Adventuring Gear,—,—,PHB,https://5e.tools/items.html#trinket_phb
Truth Serum,"Adventuring Gear, Poison",150 gp,—,DMG,https://5e.tools/items.html#truth%20serum_dmg
Turquoise,Treasure,10 gp,—,DMG,https://5e.tools/items.html#turquoise_dmg
Two-Person Tent,Adventuring Gear,2 gp,20 lb.,PHB,https://5e.tools/items.html#two-person%20tent_phb
Velvet doublet with gold buttons (Legion of Dusk),Treasure,25 gp,—,PSX,https://5e.tools/items.html#velvet%20doublet%20with%20gold%20buttons%20(legion%20of%20dusk)_psx
Vial,Adventuring Gear,1 gp,—,PHB,https://5e.tools/items.html#vial_phb
Vial of Stardust,Other,—,—,WDMM,https://5e.tools/items.html#vial%20of%20stardust_wdmm
Viol,Instrument,30 gp,1 lb.,PHB,https://5e.tools/items.html#viol_phb
Wagon,Vehicle (Land),35 gp,400 lb.,PHB,https://5e.tools/items.html#wagon_phb
Wand,Spellcasting Focus,10 gp,1 lb.,PHB,https://5e.tools/items.html#wand_phb
War Pick,"Martial Weapon, Melee Weapon",5 gp,2 lb.,PHB,https://5e.tools/items.html#war%20pick_phb
Wargong,Instrument,—,—,SCAG,https://5e.tools/items.html#wargong_scag
Warhammer,"Martial Weapon, Melee Weapon",15 gp,2 lb.,PHB,https://5e.tools/items.html#warhammer_phb
Warhorse,Mount,400 gp,—,PHB,https://5e.tools/items.html#warhorse_phb
Warship,Vehicle (Water),"25,000 gp",—,DMG,https://5e.tools/items.html#warship_dmg
Waterskin,Adventuring Gear,2 sp,5 lb. (full),PHB,https://5e.tools/items.html#waterskin_phb
Weaver's Tools,Artisan's Tools,1 gp,5 lb.,PHB,https://5e.tools/items.html#weaver's%20tools_phb
Wheat,Trade Good,1 cp,1 lb.,PHB,https://5e.tools/items.html#wheat_phb
Whetstone,Adventuring Gear,1 cp,1 lb.,PHB,https://5e.tools/items.html#whetstone_phb
Whip,"Martial Weapon, Melee Weapon",2 gp,3 lb.,PHB,https://5e.tools/items.html#whip_phb
Wildroot,Adventuring Gear,25 gp,—,ToA,https://5e.tools/items.html#wildroot_toa
Willowshade Oil,Potion,30 gp,—,EGW,https://5e.tools/items.html#willowshade%20oil_egw
Woodcarver's Tools,Artisan's Tools,1 gp,5 lb.,PHB,https://5e.tools/items.html#woodcarver's%20tools_phb
Wooden Staff,"Simple Weapon, Spellcasting Focus",5 gp,4 lb.,PHB,https://5e.tools/items.html#wooden%20staff_phb
Wukka Nut,Adventuring Gear,1 gp,—,ToA,https://5e.tools/items.html#wukka%20nut_toa
Wyvern Poison,"Adventuring Gear, Poison","1,200 gp",—,DMG,https://5e.tools/items.html#wyvern%20poison_dmg
Yahcha,Adventuring Gear,1 gp,—,ToA,https://5e.tools/items.html#yahcha_toa
Yarting,Instrument,—,—,SCAG,https://5e.tools/items.html#yarting_scag
Yellow Sapphire,Treasure,"1,000 gp",—,DMG,https://5e.tools/items.html#yellow%20sapphire_dmg
Yew Wand,Spellcasting Focus,10 gp,1 lb.,PHB,https://5e.tools/items.html#yew%20wand_phb
Yklwa,"Simple Weapon, Melee Weapon",1 gp,3 lb.,ToA,https://5e.tools/items.html#yklwa_toa
Zabou,Adventuring Gear,10 gp,—,ToA,https://5e.tools/items.html#zabou_toa
Zircon,Treasure,50 gp,—,DMG,https://5e.tools/items.html#zircon_dmg
Zulkoon,Instrument,—,—,SCAG,https://5e.tools/items.html#zulkoon_scag
